what,kind,bundleId,bundleVersion,description,time
executed,command,org.eclipse.ui,3.5.2.M20100120-0800,"org.eclipse.ui.edit.redo",1301964350616
executed,command,org.eclipse.ui,3.5.2.M20100120-0800,"org.eclipse.ui.edit.redo",1301964350656
executed,command,org.eclipse.ui,3.5.2.M20100120-0800,"org.eclipse.ui.edit.redo",1301964350737
executed,command,org.eclipse.ui,3.5.2.M20100120-0800,"org.eclipse.ui.edit.redo",1301964350778
executed,command,org.eclipse.ui,3.5.2.M20100120-0800,"org.eclipse.ui.edit.redo",1301964350809
executed,command,org.eclipse.ui,3.5.2.M20100120-0800,"org.eclipse.ui.edit.redo",1301964350852
executed,command,org.eclipse.ui,3.5.2.M20100120-0800,"org.eclipse.ui.edit.redo",1301964350878
executed,command,org.eclipse.ui,3.5.2.M20100120-0800,"org.eclipse.ui.edit.redo",1301964351107
executed,command,org.eclipse.ui,3.5.2.M20100120-0800,"org.eclipse.ui.edit.redo",1301964351758
executed,command,org.eclipse.ui,3.5.2.M20100120-0800,"org.eclipse.ui.edit.redo",1301964352396
executed,command,org.eclipse.ui,3.5.2.M20100120-0800,"org.eclipse.ui.edit.redo",1301964352776
executed,command,org.eclipse.ui,3.5.2.M20100120-0800,"org.eclipse.ui.edit.redo",1301964353001
executed,command,org.eclipse.ui,3.5.2.M20100120-0800,"org.eclipse.ui.edit.redo",1301964353426
executed,command,org.eclipse.ui,3.5.2.M20100120-0800,"org.eclipse.ui.edit.redo",1301964353935
executed,command,org.eclipse.ui,3.5.2.M20100120-0800,"org.eclipse.ui.edit.redo",1301964354359
executed,command,org.eclipse.ui,3.5.2.M20100120-0800,"org.eclipse.ui.edit.redo",1301964354729
executed,command,org.eclipse.ui,3.5.2.M20100120-0800,"org.eclipse.ui.edit.redo",1301964355219
executed,command,org.eclipse.ui,3.5.2.M20100120-0800,"org.eclipse.ui.edit.redo",1301964355731
executed,command,org.eclipse.ui,3.5.2.M20100120-0800,"org.eclipse.ui.edit.paste",1301964360867
executed,command,org.eclipse.ui,3.5.2.M20100120-0800,"org.eclipse.ui.edit.cut",1301964370066
executed,command,org.eclipse.ui,3.5.2.M20100120-0800,"org.eclipse.ui.edit.paste",1301964371538
executed,command,org.eclipse.ui,3.5.2.M20100120-0800,"org.eclipse.ui.edit.delete",1301964378848
executed,command,org.eclipse.ui,3.5.2.M20100120-0800,"org.eclipse.ui.edit.delete",1301964379340
executed,command,org.eclipse.ui,3.5.2.M20100120-0800,"org.eclipse.ui.edit.delete",1301964379515
executed,command,org.eclipse.ui,3.5.2.M20100120-0800,"org.eclipse.ui.edit.copy",1301964383160
executed,command,org.eclipse.ui,3.5.2.M20100120-0800,"org.eclipse.ui.edit.paste",1301964384836
executed,command,org.eclipse.ui,3.5.2.M20100120-0800,"org.eclipse.ui.edit.paste",1301964385861
executed,command,org.eclipse.jdt.ui,3.5.2.r352_v20100106-0800,"org.eclipse.jdt.ui.edit.text.java.toggle.comment",1301964389577
executed,command,org.eclipse.jdt.ui,3.5.2.r352_v20100106-0800,"org.eclipse.jdt.ui.edit.text.java.toggle.comment",1301964390593
executed,command,org.eclipse.ui,3.5.2.M20100120-0800,"org.eclipse.ui.edit.copy",1301964395026
executed,command,org.eclipse.ui,3.5.2.M20100120-0800,"org.eclipse.ui.edit.paste",1301964397766
executed,command,org.eclipse.ui,3.5.2.M20100120-0800,"org.eclipse.ui.edit.copy",1301964400496
executed,command,org.eclipse.ui,3.5.2.M20100120-0800,"org.eclipse.ui.edit.paste",1301964402720
deactivated,workbench,org.eclipse.ui.workbench,3.5.2.M20100113-0800,"",1301964427979
activated,workbench,org.eclipse.ui.workbench,3.5.2.M20100113-0800,"",1301964428979
executed,command,org.eclipse.ui,3.5.2.M20100120-0800,"org.eclipse.ui.edit.cut",1301964514749
executed,command,org.eclipse.ui,3.5.2.M20100120-0800,"org.eclipse.ui.edit.paste",1301964517967
executed,command,org.eclipse.ui,3.5.2.M20100120-0800,"org.eclipse.ui.edit.cut",1301964535575
executed,command,org.eclipse.ui,3.5.2.M20100120-0800,"org.eclipse.ui.edit.paste",1301964540490
executed,command,org.eclipse.ui,3.5.2.M20100120-0800,"org.eclipse.ui.edit.copy",1301964559408
executed,command,org.eclipse.ui,3.5.2.M20100120-0800,"org.eclipse.ui.edit.paste",1301964560986
executed,command,org.eclipse.ui,3.5.2.M20100120-0800,"org.eclipse.ui.edit.cut",1301964605154
executed,command,org.eclipse.ui,3.5.2.M20100120-0800,"org.eclipse.ui.edit.paste",1301964618742
deactivated,workbench,org.eclipse.ui.workbench,3.5.2.M20100113-0800,"",1301964625776
activated,workbench,org.eclipse.ui.workbench,3.5.2.M20100113-0800,"",1301964625860
executed,command,org.eclipse.ui,3.5.2.M20100120-0800,"org.eclipse.ui.edit.cut",1301964689832
executed,command,org.eclipse.ui,3.5.2.M20100120-0800,"org.eclipse.ui.edit.paste",1301964718201
executed,command,org.eclipse.ui,3.5.2.M20100120-0800,"org.eclipse.ui.edit.undo",1301964773320
executed,command,org.eclipse.ui,3.5.2.M20100120-0800,"org.eclipse.ui.edit.undo",1301964773852
executed,command,org.eclipse.ui,3.5.2.M20100120-0800,"org.eclipse.ui.edit.undo",1301964773895
executed,command,org.eclipse.ui,3.5.2.M20100120-0800,"org.eclipse.ui.edit.undo",1301964773934
executed,command,org.eclipse.ui,3.5.2.M20100120-0800,"org.eclipse.ui.edit.undo",1301964773982
executed,command,org.eclipse.ui,3.5.2.M20100120-0800,"org.eclipse.ui.edit.undo",1301964774046
executed,command,org.eclipse.ui,3.5.2.M20100120-0800,"org.eclipse.ui.edit.undo",1301964774066
executed,command,org.eclipse.ui,3.5.2.M20100120-0800,"org.eclipse.ui.edit.undo",1301964774100
executed,command,org.eclipse.ui,3.5.2.M20100120-0800,"org.eclipse.ui.edit.undo",1301964774122
executed,command,org.eclipse.ui,3.5.2.M20100120-0800,"org.eclipse.ui.edit.undo",1301964774166
executed,command,org.eclipse.ui,3.5.2.M20100120-0800,"org.eclipse.ui.edit.undo",1301964774212
executed,command,org.eclipse.ui,3.5.2.M20100120-0800,"org.eclipse.ui.edit.undo",1301964774233
executed,command,org.eclipse.ui,3.5.2.M20100120-0800,"org.eclipse.ui.edit.undo",1301964774256
executed,command,org.eclipse.ui,3.5.2.M20100120-0800,"org.eclipse.ui.edit.undo",1301964774276
executed,command,org.eclipse.ui,3.5.2.M20100120-0800,"org.eclipse.ui.edit.undo",1301964774305
executed,command,org.eclipse.ui,3.5.2.M20100120-0800,"org.eclipse.ui.edit.undo",1301964774360
executed,command,org.eclipse.ui,3.5.2.M20100120-0800,"org.eclipse.ui.edit.undo",1301964774381
executed,command,org.eclipse.ui,3.5.2.M20100120-0800,"org.eclipse.ui.edit.undo",1301964774421
executed,command,org.eclipse.ui,3.5.2.M20100120-0800,"org.eclipse.ui.edit.undo",1301964774441
executed,command,org.eclipse.ui,3.5.2.M20100120-0800,"org.eclipse.ui.edit.undo",1301964774474
executed,command,org.eclipse.ui,3.5.2.M20100120-0800,"org.eclipse.ui.edit.undo",1301964774507
executed,command,org.eclipse.ui,3.5.2.M20100120-0800,"org.eclipse.ui.edit.undo",1301964774569
executed,command,org.eclipse.ui,3.5.2.M20100120-0800,"org.eclipse.ui.edit.undo",1301964774605
executed,command,org.eclipse.ui,3.5.2.M20100120-0800,"org.eclipse.ui.edit.undo",1301964774660
executed,command,org.eclipse.ui,3.5.2.M20100120-0800,"org.eclipse.ui.edit.undo",1301964774745
executed,command,org.eclipse.ui,3.5.2.M20100120-0800,"org.eclipse.ui.edit.undo",1301964774805
executed,command,org.eclipse.ui,3.5.2.M20100120-0800,"org.eclipse.ui.edit.undo",1301964774869
executed,command,org.eclipse.ui,3.5.2.M20100120-0800,"org.eclipse.ui.edit.undo",1301964774895
executed,command,org.eclipse.ui,3.5.2.M20100120-0800,"org.eclipse.ui.edit.undo",1301964774913
executed,command,org.eclipse.ui,3.5.2.M20100120-0800,"org.eclipse.ui.edit.undo",1301964774932
executed,command,org.eclipse.ui,3.5.2.M20100120-0800,"org.eclipse.ui.edit.undo",1301964774960
executed,command,org.eclipse.ui,3.5.2.M20100120-0800,"org.eclipse.ui.edit.undo",1301964775025
executed,command,org.eclipse.ui,3.5.2.M20100120-0800,"org.eclipse.ui.edit.undo",1301964775057
executed,command,org.eclipse.ui,3.5.2.M20100120-0800,"org.eclipse.ui.edit.undo",1301964775092
executed,command,org.eclipse.ui,3.5.2.M20100120-0800,"org.eclipse.ui.edit.undo",1301964775141
executed,command,org.eclipse.ui,3.5.2.M20100120-0800,"org.eclipse.ui.edit.undo",1301964775164
executed,command,org.eclipse.ui,3.5.2.M20100120-0800,"org.eclipse.ui.edit.undo",1301964775193
executed,command,org.eclipse.ui,3.5.2.M20100120-0800,"org.eclipse.ui.edit.undo",1301964775226
executed,command,org.eclipse.ui,3.5.2.M20100120-0800,"org.eclipse.ui.edit.undo",1301964775263
executed,command,org.eclipse.ui,3.5.2.M20100120-0800,"org.eclipse.ui.edit.undo",1301964775297
executed,command,org.eclipse.ui,3.5.2.M20100120-0800,"org.eclipse.ui.edit.undo",1301964775324
executed,command,org.eclipse.ui,3.5.2.M20100120-0800,"org.eclipse.ui.edit.undo",1301964775372
executed,command,org.eclipse.ui,3.5.2.M20100120-0800,"org.eclipse.ui.edit.undo",1301964775397
executed,command,org.eclipse.ui,3.5.2.M20100120-0800,"org.eclipse.ui.edit.undo",1301964775440
executed,command,org.eclipse.ui,3.5.2.M20100120-0800,"org.eclipse.ui.edit.undo",1301964775488
executed,command,org.eclipse.ui,3.5.2.M20100120-0800,"org.eclipse.ui.edit.undo",1301964775527
executed,command,org.eclipse.ui,3.5.2.M20100120-0800,"org.eclipse.ui.edit.undo",1301964775556
executed,command,org.eclipse.ui,3.5.2.M20100120-0800,"org.eclipse.ui.edit.undo",1301964775594
executed,command,org.eclipse.ui,3.5.2.M20100120-0800,"org.eclipse.ui.edit.undo",1301964775630
executed,command,org.eclipse.ui,3.5.2.M20100120-0800,"org.eclipse.ui.edit.undo",1301964775661
executed,command,org.eclipse.ui,3.5.2.M20100120-0800,"org.eclipse.ui.edit.undo",1301964775719
executed,command,org.eclipse.ui,3.5.2.M20100120-0800,"org.eclipse.ui.edit.undo",1301964775742
executed,command,org.eclipse.ui,3.5.2.M20100120-0800,"org.eclipse.ui.edit.undo",1301964775760
executed,command,org.eclipse.ui,3.5.2.M20100120-0800,"org.eclipse.ui.edit.undo",1301964775790
executed,command,org.eclipse.ui,3.5.2.M20100120-0800,"org.eclipse.ui.edit.undo",1301964775831
executed,command,org.eclipse.ui,3.5.2.M20100120-0800,"org.eclipse.ui.edit.undo",1301964775857
executed,command,org.eclipse.ui,3.5.2.M20100120-0800,"org.eclipse.ui.edit.undo",1301964775892
executed,command,org.eclipse.ui,3.5.2.M20100120-0800,"org.eclipse.ui.edit.undo",1301964775931
executed,command,org.eclipse.ui,3.5.2.M20100120-0800,"org.eclipse.ui.edit.undo",1301964775954
executed,command,org.eclipse.ui,3.5.2.M20100120-0800,"org.eclipse.ui.edit.undo",1301964775992
executed,command,org.eclipse.ui,3.5.2.M20100120-0800,"org.eclipse.ui.edit.undo",1301964776024
executed,command,org.eclipse.ui,3.5.2.M20100120-0800,"org.eclipse.ui.edit.undo",1301964776059
executed,command,org.eclipse.ui,3.5.2.M20100120-0800,"org.eclipse.ui.edit.undo",1301964776107
executed,command,org.eclipse.ui,3.5.2.M20100120-0800,"org.eclipse.ui.edit.undo",1301964776147
executed,command,org.eclipse.ui,3.5.2.M20100120-0800,"org.eclipse.ui.edit.undo",1301964776170
executed,command,org.eclipse.ui,3.5.2.M20100120-0800,"org.eclipse.ui.edit.undo",1301964776224
executed,command,org.eclipse.ui,3.5.2.M20100120-0800,"org.eclipse.ui.edit.undo",1301964776244
executed,command,org.eclipse.ui,3.5.2.M20100120-0800,"org.eclipse.ui.edit.undo",1301964776270
executed,command,org.eclipse.ui,3.5.2.M20100120-0800,"org.eclipse.ui.edit.undo",1301964776308
executed,command,org.eclipse.ui,3.5.2.M20100120-0800,"org.eclipse.ui.edit.undo",1301964776334
executed,command,org.eclipse.ui,3.5.2.M20100120-0800,"org.eclipse.ui.edit.undo",1301964776372
executed,command,org.eclipse.ui,3.5.2.M20100120-0800,"org.eclipse.ui.edit.undo",1301964776402
executed,command,org.eclipse.ui,3.5.2.M20100120-0800,"org.eclipse.ui.edit.undo",1301964776435
executed,command,org.eclipse.ui,3.5.2.M20100120-0800,"org.eclipse.ui.edit.undo",1301964776471
executed,command,org.eclipse.ui,3.5.2.M20100120-0800,"org.eclipse.ui.edit.undo",1301964776513
executed,command,org.eclipse.ui,3.5.2.M20100120-0800,"org.eclipse.ui.edit.undo",1301964776545
executed,command,org.eclipse.ui,3.5.2.M20100120-0800,"org.eclipse.ui.edit.undo",1301964776576
executed,command,org.eclipse.ui,3.5.2.M20100120-0800,"org.eclipse.ui.edit.undo",1301964776596
executed,command,org.eclipse.ui,3.5.2.M20100120-0800,"org.eclipse.ui.edit.undo",1301964776627
executed,command,org.eclipse.ui,3.5.2.M20100120-0800,"org.eclipse.ui.edit.undo",1301964776645
executed,command,org.eclipse.ui,3.5.2.M20100120-0800,"org.eclipse.ui.edit.undo",1301964776689
executed,command,org.eclipse.ui,3.5.2.M20100120-0800,"org.eclipse.ui.edit.undo",1301964776707
executed,command,org.eclipse.ui,3.5.2.M20100120-0800,"org.eclipse.ui.edit.undo",1301964776757
executed,command,org.eclipse.ui,3.5.2.M20100120-0800,"org.eclipse.ui.edit.undo",1301964776790
executed,command,org.eclipse.ui,3.5.2.M20100120-0800,"org.eclipse.ui.edit.undo",1301964776812
executed,command,org.eclipse.ui,3.5.2.M20100120-0800,"org.eclipse.ui.edit.undo",1301964776845
executed,command,org.eclipse.ui,3.5.2.M20100120-0800,"org.eclipse.ui.edit.undo",1301964776879
executed,command,org.eclipse.ui,3.5.2.M20100120-0800,"org.eclipse.ui.edit.undo",1301964776906
executed,command,org.eclipse.ui,3.5.2.M20100120-0800,"org.eclipse.ui.edit.undo",1301964776952
executed,command,org.eclipse.ui,3.5.2.M20100120-0800,"org.eclipse.ui.edit.undo",1301964776978
executed,command,org.eclipse.ui,3.5.2.M20100120-0800,"org.eclipse.ui.edit.undo",1301964777021
executed,command,org.eclipse.ui,3.5.2.M20100120-0800,"org.eclipse.ui.edit.undo",1301964777063
executed,command,org.eclipse.ui,3.5.2.M20100120-0800,"org.eclipse.ui.edit.undo",1301964777096
executed,command,org.eclipse.ui,3.5.2.M20100120-0800,"org.eclipse.ui.edit.undo",1301964777118
executed,command,org.eclipse.ui,3.5.2.M20100120-0800,"org.eclipse.ui.edit.undo",1301964777137
executed,command,org.eclipse.ui,3.5.2.M20100120-0800,"org.eclipse.ui.edit.undo",1301964777167
executed,command,org.eclipse.ui,3.5.2.M20100120-0800,"org.eclipse.ui.edit.undo",1301964777207
executed,command,org.eclipse.ui,3.5.2.M20100120-0800,"org.eclipse.ui.edit.undo",1301964777239
executed,command,org.eclipse.ui,3.5.2.M20100120-0800,"org.eclipse.ui.edit.undo",1301964777266
executed,command,org.eclipse.ui,3.5.2.M20100120-0800,"org.eclipse.ui.edit.undo",1301964777298
executed,command,org.eclipse.ui,3.5.2.M20100120-0800,"org.eclipse.ui.edit.undo",1301964777332
executed,command,org.eclipse.ui,3.5.2.M20100120-0800,"org.eclipse.ui.edit.undo",1301964777392
executed,command,org.eclipse.ui,3.5.2.M20100120-0800,"org.eclipse.ui.edit.undo",1301964777419
executed,command,org.eclipse.ui,3.5.2.M20100120-0800,"org.eclipse.ui.edit.undo",1301964777437
executed,command,org.eclipse.ui,3.5.2.M20100120-0800,"org.eclipse.ui.edit.undo",1301964777460
executed,command,org.eclipse.ui,3.5.2.M20100120-0800,"org.eclipse.ui.edit.undo",1301964777514
executed,command,org.eclipse.ui,3.5.2.M20100120-0800,"org.eclipse.ui.edit.undo",1301964777543
executed,command,org.eclipse.ui,3.5.2.M20100120-0800,"org.eclipse.ui.edit.undo",1301964777561
executed,command,org.eclipse.ui,3.5.2.M20100120-0800,"org.eclipse.ui.edit.undo",1301964777594
executed,command,org.eclipse.ui,3.5.2.M20100120-0800,"org.eclipse.ui.edit.undo",1301964777631
executed,command,org.eclipse.ui,3.5.2.M20100120-0800,"org.eclipse.ui.edit.undo",1301964777678
executed,command,org.eclipse.ui,3.5.2.M20100120-0800,"org.eclipse.ui.edit.undo",1301964777706
executed,command,org.eclipse.ui,3.5.2.M20100120-0800,"org.eclipse.ui.edit.undo",1301964777749
executed,command,org.eclipse.ui,3.5.2.M20100120-0800,"org.eclipse.ui.edit.undo",1301964777806
executed,command,org.eclipse.ui,3.5.2.M20100120-0800,"org.eclipse.ui.edit.undo",1301964777839
executed,command,org.eclipse.ui,3.5.2.M20100120-0800,"org.eclipse.ui.edit.undo",1301964777857
executed,command,org.eclipse.ui,3.5.2.M20100120-0800,"org.eclipse.ui.edit.undo",1301964777898
executed,command,org.eclipse.ui,3.5.2.M20100120-0800,"org.eclipse.ui.edit.undo",1301964777925
executed,command,org.eclipse.ui,3.5.2.M20100120-0800,"org.eclipse.ui.edit.undo",1301964777974
executed,command,org.eclipse.ui,3.5.2.M20100120-0800,"org.eclipse.ui.edit.undo",1301964778007
executed,command,org.eclipse.ui,3.5.2.M20100120-0800,"org.eclipse.ui.edit.undo",1301964778030
executed,command,org.eclipse.ui,3.5.2.M20100120-0800,"org.eclipse.ui.edit.undo",1301964778055
executed,command,org.eclipse.ui,3.5.2.M20100120-0800,"org.eclipse.ui.edit.undo",1301964778088
executed,command,org.eclipse.ui,3.5.2.M20100120-0800,"org.eclipse.ui.edit.undo",1301964778124
executed,command,org.eclipse.ui,3.5.2.M20100120-0800,"org.eclipse.ui.edit.undo",1301964778175
executed,command,org.eclipse.ui,3.5.2.M20100120-0800,"org.eclipse.ui.edit.undo",1301964778219
executed,command,org.eclipse.ui,3.5.2.M20100120-0800,"org.eclipse.ui.edit.undo",1301964778240
executed,command,org.eclipse.ui,3.5.2.M20100120-0800,"org.eclipse.ui.edit.undo",1301964778260
executed,command,org.eclipse.ui,3.5.2.M20100120-0800,"org.eclipse.ui.edit.undo",1301964778290
executed,command,org.eclipse.ui,3.5.2.M20100120-0800,"org.eclipse.ui.edit.undo",1301964778340
executed,command,org.eclipse.ui,3.5.2.M20100120-0800,"org.eclipse.ui.edit.undo",1301964778359
executed,command,org.eclipse.ui,3.5.2.M20100120-0800,"org.eclipse.ui.edit.undo",1301964778395
executed,command,org.eclipse.ui,3.5.2.M20100120-0800,"org.eclipse.ui.edit.undo",1301964778423
executed,command,org.eclipse.ui,3.5.2.M20100120-0800,"org.eclipse.ui.edit.undo",1301964778486
executed,command,org.eclipse.ui,3.5.2.M20100120-0800,"org.eclipse.ui.edit.undo",1301964778528
executed,command,org.eclipse.ui,3.5.2.M20100120-0800,"org.eclipse.ui.edit.undo",1301964778565
executed,command,org.eclipse.ui,3.5.2.M20100120-0800,"org.eclipse.ui.edit.undo",1301964778605
executed,command,org.eclipse.ui,3.5.2.M20100120-0800,"org.eclipse.ui.edit.copy",1301964790162
executed,command,org.eclipse.ui,3.5.2.M20100120-0800,"org.eclipse.ui.edit.redo",1301964791640
executed,command,org.eclipse.ui,3.5.2.M20100120-0800,"org.eclipse.ui.edit.redo",1301964792118
executed,command,org.eclipse.ui,3.5.2.M20100120-0800,"org.eclipse.ui.edit.redo",1301964792156
executed,command,org.eclipse.ui,3.5.2.M20100120-0800,"org.eclipse.ui.edit.redo",1301964792199
executed,command,org.eclipse.ui,3.5.2.M20100120-0800,"org.eclipse.ui.edit.redo",1301964792227
executed,command,org.eclipse.ui,3.5.2.M20100120-0800,"org.eclipse.ui.edit.redo",1301964792244
executed,command,org.eclipse.ui,3.5.2.M20100120-0800,"org.eclipse.ui.edit.redo",1301964792278
executed,command,org.eclipse.ui,3.5.2.M20100120-0800,"org.eclipse.ui.edit.redo",1301964792322
executed,command,org.eclipse.ui,3.5.2.M20100120-0800,"org.eclipse.ui.edit.redo",1301964792340
executed,command,org.eclipse.ui,3.5.2.M20100120-0800,"org.eclipse.ui.edit.redo",1301964792376
executed,command,org.eclipse.ui,3.5.2.M20100120-0800,"org.eclipse.ui.edit.redo",1301964792406
executed,command,org.eclipse.ui,3.5.2.M20100120-0800,"org.eclipse.ui.edit.redo",1301964792439
executed,command,org.eclipse.ui,3.5.2.M20100120-0800,"org.eclipse.ui.edit.redo",1301964792504
executed,command,org.eclipse.ui,3.5.2.M20100120-0800,"org.eclipse.ui.edit.redo",1301964792535
executed,command,org.eclipse.ui,3.5.2.M20100120-0800,"org.eclipse.ui.edit.redo",1301964792554
executed,command,org.eclipse.ui,3.5.2.M20100120-0800,"org.eclipse.ui.edit.redo",1301964792571
executed,command,org.eclipse.ui,3.5.2.M20100120-0800,"org.eclipse.ui.edit.redo",1301964792608
executed,command,org.eclipse.ui,3.5.2.M20100120-0800,"org.eclipse.ui.edit.redo",1301964792642
executed,command,org.eclipse.ui,3.5.2.M20100120-0800,"org.eclipse.ui.edit.redo",1301964792680
executed,command,org.eclipse.ui,3.5.2.M20100120-0800,"org.eclipse.ui.edit.redo",1301964792718
executed,command,org.eclipse.ui,3.5.2.M20100120-0800,"org.eclipse.ui.edit.redo",1301964792741
executed,command,org.eclipse.ui,3.5.2.M20100120-0800,"org.eclipse.ui.edit.redo",1301964792776
executed,command,org.eclipse.ui,3.5.2.M20100120-0800,"org.eclipse.ui.edit.redo",1301964792798
executed,command,org.eclipse.ui,3.5.2.M20100120-0800,"org.eclipse.ui.edit.redo",1301964792837
executed,command,org.eclipse.ui,3.5.2.M20100120-0800,"org.eclipse.ui.edit.redo",1301964792876
executed,command,org.eclipse.ui,3.5.2.M20100120-0800,"org.eclipse.ui.edit.redo",1301964792919
executed,command,org.eclipse.ui,3.5.2.M20100120-0800,"org.eclipse.ui.edit.redo",1301964792944
executed,command,org.eclipse.ui,3.5.2.M20100120-0800,"org.eclipse.ui.edit.redo",1301964792979
executed,command,org.eclipse.ui,3.5.2.M20100120-0800,"org.eclipse.ui.edit.redo",1301964793004
executed,command,org.eclipse.ui,3.5.2.M20100120-0800,"org.eclipse.ui.edit.redo",1301964793033
executed,command,org.eclipse.ui,3.5.2.M20100120-0800,"org.eclipse.ui.edit.redo",1301964793059
executed,command,org.eclipse.ui,3.5.2.M20100120-0800,"org.eclipse.ui.edit.redo",1301964793109
executed,command,org.eclipse.ui,3.5.2.M20100120-0800,"org.eclipse.ui.edit.redo",1301964793132
executed,command,org.eclipse.ui,3.5.2.M20100120-0800,"org.eclipse.ui.edit.redo",1301964793159
executed,command,org.eclipse.ui,3.5.2.M20100120-0800,"org.eclipse.ui.edit.redo",1301964793191
executed,command,org.eclipse.ui,3.5.2.M20100120-0800,"org.eclipse.ui.edit.redo",1301964793247
executed,command,org.eclipse.ui,3.5.2.M20100120-0800,"org.eclipse.ui.edit.redo",1301964793273
executed,command,org.eclipse.ui,3.5.2.M20100120-0800,"org.eclipse.ui.edit.redo",1301964793292
executed,command,org.eclipse.ui,3.5.2.M20100120-0800,"org.eclipse.ui.edit.redo",1301964793325
executed,command,org.eclipse.ui,3.5.2.M20100120-0800,"org.eclipse.ui.edit.redo",1301964793357
executed,command,org.eclipse.ui,3.5.2.M20100120-0800,"org.eclipse.ui.edit.redo",1301964793394
executed,command,org.eclipse.ui,3.5.2.M20100120-0800,"org.eclipse.ui.edit.redo",1301964793425
executed,command,org.eclipse.ui,3.5.2.M20100120-0800,"org.eclipse.ui.edit.redo",1301964793456
executed,command,org.eclipse.ui,3.5.2.M20100120-0800,"org.eclipse.ui.edit.redo",1301964793492
executed,command,org.eclipse.ui,3.5.2.M20100120-0800,"org.eclipse.ui.edit.redo",1301964793530
executed,command,org.eclipse.ui,3.5.2.M20100120-0800,"org.eclipse.ui.edit.redo",1301964793592
executed,command,org.eclipse.ui,3.5.2.M20100120-0800,"org.eclipse.ui.edit.redo",1301964793620
executed,command,org.eclipse.ui,3.5.2.M20100120-0800,"org.eclipse.ui.edit.redo",1301964793639
executed,command,org.eclipse.ui,3.5.2.M20100120-0800,"org.eclipse.ui.edit.redo",1301964793670
executed,command,org.eclipse.ui,3.5.2.M20100120-0800,"org.eclipse.ui.edit.redo",1301964793687
executed,command,org.eclipse.ui,3.5.2.M20100120-0800,"org.eclipse.ui.edit.redo",1301964793725
executed,command,org.eclipse.ui,3.5.2.M20100120-0800,"org.eclipse.ui.edit.redo",1301964793760
executed,command,org.eclipse.ui,3.5.2.M20100120-0800,"org.eclipse.ui.edit.redo",1301964793789
executed,command,org.eclipse.ui,3.5.2.M20100120-0800,"org.eclipse.ui.edit.redo",1301964793826
executed,command,org.eclipse.ui,3.5.2.M20100120-0800,"org.eclipse.ui.edit.redo",1301964793858
executed,command,org.eclipse.ui,3.5.2.M20100120-0800,"org.eclipse.ui.edit.redo",1301964793898
executed,command,org.eclipse.ui,3.5.2.M20100120-0800,"org.eclipse.ui.edit.redo",1301964793920
executed,command,org.eclipse.ui,3.5.2.M20100120-0800,"org.eclipse.ui.edit.redo",1301964793955
executed,command,org.eclipse.ui,3.5.2.M20100120-0800,"org.eclipse.ui.edit.redo",1301964793989
executed,command,org.eclipse.ui,3.5.2.M20100120-0800,"org.eclipse.ui.edit.redo",1301964794015
executed,command,org.eclipse.ui,3.5.2.M20100120-0800,"org.eclipse.ui.edit.redo",1301964794048
executed,command,org.eclipse.ui,3.5.2.M20100120-0800,"org.eclipse.ui.edit.redo",1301964794082
executed,command,org.eclipse.ui,3.5.2.M20100120-0800,"org.eclipse.ui.edit.redo",1301964794113
executed,command,org.eclipse.ui,3.5.2.M20100120-0800,"org.eclipse.ui.edit.redo",1301964794181
executed,command,org.eclipse.ui,3.5.2.M20100120-0800,"org.eclipse.ui.edit.redo",1301964794220
executed,command,org.eclipse.ui,3.5.2.M20100120-0800,"org.eclipse.ui.edit.redo",1301964794245
executed,command,org.eclipse.ui,3.5.2.M20100120-0800,"org.eclipse.ui.edit.redo",1301964794272
executed,command,org.eclipse.ui,3.5.2.M20100120-0800,"org.eclipse.ui.edit.redo",1301964794296
executed,command,org.eclipse.ui,3.5.2.M20100120-0800,"org.eclipse.ui.edit.redo",1301964794354
executed,command,org.eclipse.ui,3.5.2.M20100120-0800,"org.eclipse.ui.edit.redo",1301964794372
executed,command,org.eclipse.ui,3.5.2.M20100120-0800,"org.eclipse.ui.edit.redo",1301964794399
executed,command,org.eclipse.ui,3.5.2.M20100120-0800,"org.eclipse.ui.edit.redo",1301964794432
executed,command,org.eclipse.ui,3.5.2.M20100120-0800,"org.eclipse.ui.edit.redo",1301964794462
executed,command,org.eclipse.ui,3.5.2.M20100120-0800,"org.eclipse.ui.edit.redo",1301964794509
executed,command,org.eclipse.ui,3.5.2.M20100120-0800,"org.eclipse.ui.edit.redo",1301964794554
executed,command,org.eclipse.ui,3.5.2.M20100120-0800,"org.eclipse.ui.edit.redo",1301964794575
executed,command,org.eclipse.ui,3.5.2.M20100120-0800,"org.eclipse.ui.edit.redo",1301964794618
executed,command,org.eclipse.ui,3.5.2.M20100120-0800,"org.eclipse.ui.edit.redo",1301964794669
executed,command,org.eclipse.ui,3.5.2.M20100120-0800,"org.eclipse.ui.edit.redo",1301964794694
executed,command,org.eclipse.ui,3.5.2.M20100120-0800,"org.eclipse.ui.edit.redo",1301964794714
executed,command,org.eclipse.ui,3.5.2.M20100120-0800,"org.eclipse.ui.edit.redo",1301964794755
executed,command,org.eclipse.ui,3.5.2.M20100120-0800,"org.eclipse.ui.edit.redo",1301964794787
executed,command,org.eclipse.ui,3.5.2.M20100120-0800,"org.eclipse.ui.edit.redo",1301964794809
executed,command,org.eclipse.ui,3.5.2.M20100120-0800,"org.eclipse.ui.edit.redo",1301964794853
executed,command,org.eclipse.ui,3.5.2.M20100120-0800,"org.eclipse.ui.edit.redo",1301964794871
executed,command,org.eclipse.ui,3.5.2.M20100120-0800,"org.eclipse.ui.edit.redo",1301964794904
executed,command,org.eclipse.ui,3.5.2.M20100120-0800,"org.eclipse.ui.edit.redo",1301964794941
executed,command,org.eclipse.ui,3.5.2.M20100120-0800,"org.eclipse.ui.edit.redo",1301964794986
executed,command,org.eclipse.ui,3.5.2.M20100120-0800,"org.eclipse.ui.edit.redo",1301964795035
executed,command,org.eclipse.ui,3.5.2.M20100120-0800,"org.eclipse.ui.edit.redo",1301964795073
